,Name,Val,time,space
0,a,0.0,0.0,0
1,pr439.tsp,146846.6506092363,3.224325180053711,168129
2,rd100.tsp,10791.655815950702,0.251478910446167,136
