,Name,Val,time,space
0,a,0.0,0.0,0
1,d493.tsp,45571.71848892038,1.2,194536
2,st70.tsp,873.3514856717352,0.02,22968
3,eil101.tsp,832.2217964254476,0.04,110624
4,pr152.tsp,92021.71384204339,0.14,166140
5,kroA100.tsp,27211.67972921635,0.04,93080
6,rat783.tsp,12067.602998246572,3.04,192192
